geo_type,soato_id,region_code,district_code,year,population,source,deleted
REPUBLIC,1700,,,2025,37543200,SDMX,false
REPUBLIC,1700,,,2026,38236700,SDMX,false
REGION,1735,UZ-QR,,2025,2029700,SDMX,false
REGION,1735,UZ-QR,,2026,2053200,SDMX,false
DISTRICT,1735401,UZ-QR,QR-401,2025,344700,SDMX,false
DISTRICT,1735401,UZ-QR,QR-401,2026,349400,SDMX,false
DISTRICT,1735204,UZ-QR,QR-204,2025,215600,SDMX,false
DISTRICT,1735204,UZ-QR,QR-204,2026,218700,SDMX,false
DISTRICT,1735207,UZ-QR,QR-207,2025,209000,SDMX,false
DISTRICT,1735207,UZ-QR,QR-207,2026,212600,SDMX,false
DISTRICT,1735209,UZ-QR,QR-209,2025,21900,SDMX,false
DISTRICT,1735209,UZ-QR,QR-209,2026,21800,SDMX,false
DISTRICT,1735211,UZ-QR,QR-211,2025,54700,SDMX,false
DISTRICT,1735211,UZ-QR,QR-211,2026,54800,SDMX,false
DISTRICT,1735212,UZ-QR,QR-212,2025,75400,SDMX,false
DISTRICT,1735212,UZ-QR,QR-212,2026,75900,SDMX,false
DISTRICT,1735215,UZ-QR,QR-215,2025,137200,SDMX,false
DISTRICT,1735215,UZ-QR,QR-215,2026,138400,SDMX,false
DISTRICT,1735218,UZ-QR,QR-218,2025,54300,SDMX,false
DISTRICT,1735218,UZ-QR,QR-218,2026,54800,SDMX,false
DISTRICT,1735222,UZ-QR,QR-222,2025,33900,SDMX,false
DISTRICT,1735222,UZ-QR,QR-222,2026,34100,SDMX,false
DISTRICT,1735225,UZ-QR,QR-225,2025,55000,SDMX,false
DISTRICT,1735225,UZ-QR,QR-225,2026,55900,SDMX,false
DISTRICT,1735228,UZ-QR,QR-228,2025,77400,SDMX,false
DISTRICT,1735228,UZ-QR,QR-228,2026,77800,SDMX,false
DISTRICT,1735230,UZ-QR,QR-230,2025,38900,SDMX,false
DISTRICT,1735230,UZ-QR,QR-230,2026,38900,SDMX,false
DISTRICT,1735233,UZ-QR,QR-233,2025,232500,SDMX,false
DISTRICT,1735233,UZ-QR,QR-233,2026,236100,SDMX,false
DISTRICT,1735236,UZ-QR,QR-236,2025,130100,SDMX,false
DISTRICT,1735236,UZ-QR,QR-236,2026,131300,SDMX,false
DISTRICT,1735240,UZ-QR,QR-240,2025,116600,SDMX,false
DISTRICT,1735240,UZ-QR,QR-240,2026,117100,SDMX,false
DISTRICT,1735243,UZ-QR,QR-243,2025,58500,SDMX,false
DISTRICT,1735243,UZ-QR,QR-243,2026,58700,SDMX,false
DISTRICT,1735250,UZ-QR,QR-250,2025,174000,SDMX,false
DISTRICT,1735250,UZ-QR,QR-250,2026,176900,SDMX,false
REGION,1703,UZ-AN,,2025,3461000,SDMX,false
REGION,1703,UZ-AN,,2026,3521800,SDMX,false
DISTRICT,1703401,UZ-AN,AN-401,2025,492400,SDMX,false
DISTRICT,1703401,UZ-AN,AN-401,2026,503500,SDMX,false
DISTRICT,1703408,UZ-AN,AN-408,2025,46500,SDMX,false
DISTRICT,1703408,UZ-AN,AN-408,2026,47000,SDMX,false
DISTRICT,1703202,UZ-AN,AN-202,2025,194300,SDMX,false
DISTRICT,1703202,UZ-AN,AN-202,2026,196500,SDMX,false
DISTRICT,1703203,UZ-AN,AN-203,2025,292600,SDMX,false
DISTRICT,1703203,UZ-AN,AN-203,2026,298600,SDMX,false
DISTRICT,1703206,UZ-AN,AN-206,2025,220200,SDMX,false
DISTRICT,1703206,UZ-AN,AN-206,2026,224100,SDMX,false
DISTRICT,1703209,UZ-AN,AN-237,2025,79700,SDMX,false
DISTRICT,1703209,UZ-AN,AN-237,2026,81300,SDMX,false
DISTRICT,1703210,UZ-AN,AN-210,2025,156000,SDMX,false
DISTRICT,1703210,UZ-AN,AN-210,2026,158600,SDMX,false
DISTRICT,1703211,UZ-AN,AN-211,2025,202100,SDMX,false
DISTRICT,1703211,UZ-AN,AN-211,2026,205100,SDMX,false
DISTRICT,1703214,UZ-AN,AN-214,2025,260300,SDMX,false
DISTRICT,1703214,UZ-AN,AN-214,2026,264800,SDMX,false
DISTRICT,1703217,UZ-AN,AN-217,2025,64300,SDMX,false
DISTRICT,1703217,UZ-AN,AN-217,2026,64700,SDMX,false
DISTRICT,1703220,UZ-AN,AN-220,2025,234300,SDMX,false
DISTRICT,1703220,UZ-AN,AN-220,2026,238100,SDMX,false
DISTRICT,1703224,UZ-AN,AN-224,2025,362100,SDMX,false
DISTRICT,1703224,UZ-AN,AN-224,2026,368200,SDMX,false
DISTRICT,1703227,UZ-AN,AN-227,2025,189900,SDMX,false
DISTRICT,1703227,UZ-AN,AN-227,2026,193300,SDMX,false
DISTRICT,1703230,UZ-AN,AN-230,2025,331300,SDMX,false
DISTRICT,1703230,UZ-AN,AN-230,2026,337400,SDMX,false
DISTRICT,1703232,UZ-AN,AN-232,2025,212700,SDMX,false
DISTRICT,1703232,UZ-AN,AN-232,2026,216100,SDMX,false
DISTRICT,1703236,UZ-AN,AN-236,2025,122300,SDMX,false
DISTRICT,1703236,UZ-AN,AN-236,2026,124500,SDMX,false
REGION,1706,UZ-BU,,2025,2077000,SDMX,false
REGION,1706,UZ-BU,,2026,2107000,SDMX,false
DISTRICT,1706401,UZ-BU,BU-401,2025,300200,SDMX,false
DISTRICT,1706401,UZ-BU,BU-401,2026,304700,SDMX,false
DISTRICT,1706403,UZ-BU,BU-403,2025,65500,SDMX,false
DISTRICT,1706403,UZ-BU,BU-403,2026,66100,SDMX,false
DISTRICT,1706204,UZ-BU,BU-204,2025,105800,SDMX,false
DISTRICT,1706204,UZ-BU,BU-204,2026,107300,SDMX,false
DISTRICT,1706207,UZ-BU,BU-207,2025,181700,SDMX,false
DISTRICT,1706207,UZ-BU,BU-207,2026,185000,SDMX,false
DISTRICT,1706212,UZ-BU,BU-212,2025,151200,SDMX,false
DISTRICT,1706212,UZ-BU,BU-212,2026,154000,SDMX,false
DISTRICT,1706215,UZ-BU,BU-215,2025,327500,SDMX,false
DISTRICT,1706215,UZ-BU,BU-215,2026,331900,SDMX,false
DISTRICT,1706219,UZ-BU,BU-219,2025,86300,SDMX,false
DISTRICT,1706219,UZ-BU,BU-219,2026,88000,SDMX,false
DISTRICT,1706230,UZ-BU,BU-230,2025,174300,SDMX,false
DISTRICT,1706230,UZ-BU,BU-230,2026,176400,SDMX,false
DISTRICT,1706232,UZ-BU,BU-232,2025,20300,SDMX,false
DISTRICT,1706232,UZ-BU,BU-232,2026,20700,SDMX,false
DISTRICT,1706240,UZ-BU,BU-240,2025,133500,SDMX,false
DISTRICT,1706240,UZ-BU,BU-240,2026,135800,SDMX,false
DISTRICT,1706242,UZ-BU,BU-242,2025,153500,SDMX,false
DISTRICT,1706242,UZ-BU,BU-242,2026,155300,SDMX,false
DISTRICT,1706246,UZ-BU,BU-246,2025,188800,SDMX,false
DISTRICT,1706246,UZ-BU,BU-246,2026,191900,SDMX,false
DISTRICT,1706258,UZ-BU,BU-258,2025,188400,SDMX,false
DISTRICT,1706258,UZ-BU,BU-258,2026,189900,SDMX,false
REGION,1708,UZ-JI,,2025,1537600,SDMX,false
REGION,1708,UZ-JI,,2026,1566900,SDMX,false
DISTRICT,1708401,UZ-JI,JI-401,2025,199900,SDMX,false
DISTRICT,1708401,UZ-JI,JI-401,2026,203300,SDMX,false
DISTRICT,1708201,UZ-JI,JI-201,2025,49500,SDMX,false
DISTRICT,1708201,UZ-JI,JI-201,2026,50200,SDMX,false
DISTRICT,1708204,UZ-JI,JI-204,2025,174200,SDMX,false
DISTRICT,1708204,UZ-JI,JI-204,2026,177900,SDMX,false
DISTRICT,1708209,UZ-JI,JI-209,2025,190600,SDMX,false
DISTRICT,1708209,UZ-JI,JI-209,2026,194300,SDMX,false
DISTRICT,1708212,UZ-JI,JI-212,2025,248800,SDMX,false
DISTRICT,1708212,UZ-JI,JI-212,2026,255100,SDMX,false
DISTRICT,1708215,UZ-JI,JI-215,2025,71000,SDMX,false
DISTRICT,1708215,UZ-JI,JI-215,2026,71900,SDMX,false
DISTRICT,1708218,UZ-JI,JI-218,2025,184000,SDMX,false
DISTRICT,1708218,UZ-JI,JI-218,2026,188100,SDMX,false
DISTRICT,1708220,UZ-JI,JI-220,2025,96500,SDMX,false
DISTRICT,1708220,UZ-JI,JI-220,2026,98300,SDMX,false
DISTRICT,1708223,UZ-JI,JI-223,2025,56300,SDMX,false
DISTRICT,1708223,UZ-JI,JI-223,2026,57100,SDMX,false
DISTRICT,1708225,UZ-JI,JI-225,2025,54500,SDMX,false
DISTRICT,1708225,UZ-JI,JI-225,2026,55400,SDMX,false
DISTRICT,1708228,UZ-JI,JI-228,2025,82400,SDMX,false
DISTRICT,1708228,UZ-JI,JI-228,2026,83800,SDMX,false
DISTRICT,1708235,UZ-JI,JI-235,2025,99700,SDMX,false
DISTRICT,1708235,UZ-JI,JI-235,2026,101000,SDMX,false
DISTRICT,1708237,UZ-JI,JI-237,2025,30200,SDMX,false
DISTRICT,1708237,UZ-JI,JI-237,2026,30500,SDMX,false
REGION,1710,UZ-QA,,2025,3639300,SDMX,false
REGION,1710,UZ-QA,,2026,3717000,SDMX,false
DISTRICT,1710401,UZ-QA,QA-401,2025,300800,SDMX,false
DISTRICT,1710401,UZ-QA,QA-401,2026,306300,SDMX,false
DISTRICT,1710405,UZ-QA,QA-405,2025,150100,SDMX,false
DISTRICT,1710405,UZ-QA,QA-405,2026,152700,SDMX,false
OTHER,1710240,,,2025,194400,SDMX,false
OTHER,1710240,,,2026,200000,SDMX,false
DISTRICT,1710207,UZ-QA,QA-207,2025,227000,SDMX,false
DISTRICT,1710207,UZ-QA,QA-207,2026,232000,SDMX,false
DISTRICT,1710212,UZ-QA,QA-212,2025,162700,SDMX,false
DISTRICT,1710212,UZ-QA,QA-212,2026,166200,SDMX,false
DISTRICT,1710220,UZ-QA,QA-220,2025,299800,SDMX,false
DISTRICT,1710220,UZ-QA,QA-220,2026,306900,SDMX,false
DISTRICT,1710224,UZ-QA,QA-224,2025,279500,SDMX,false
DISTRICT,1710224,UZ-QA,QA-224,2026,286500,SDMX,false
DISTRICT,1710229,UZ-QA,QA-229,2025,319400,SDMX,false
DISTRICT,1710229,UZ-QA,QA-229,2026,326700,SDMX,false
DISTRICT,1710232,UZ-QA,QA-232,2025,287700,SDMX,false
DISTRICT,1710232,UZ-QA,QA-232,2026,293400,SDMX,false
DISTRICT,1710233,UZ-QA,QA-233,2025,132300,SDMX,false
DISTRICT,1710233,UZ-QA,QA-233,2026,134900,SDMX,false
DISTRICT,1710234,UZ-QA,QA-234,2025,95200,SDMX,false
DISTRICT,1710234,UZ-QA,QA-234,2026,97000,SDMX,false
DISTRICT,1710235,UZ-QA,QA-235,2025,170600,SDMX,false
DISTRICT,1710235,UZ-QA,QA-235,2026,174600,SDMX,false
DISTRICT,1710237,UZ-QA,QA-237,2025,217800,SDMX,false
DISTRICT,1710237,UZ-QA,QA-237,2026,222300,SDMX,false
DISTRICT,1710242,UZ-QA,QA-242,2025,274500,SDMX,false
DISTRICT,1710242,UZ-QA,QA-242,2026,280900,SDMX,false
DISTRICT,1710245,UZ-QA,QA-245,2025,239200,SDMX,false
DISTRICT,1710245,UZ-QA,QA-245,2026,242800,SDMX,false
DISTRICT,1710250,UZ-QA,QA-250,2025,288300,SDMX,false
DISTRICT,1710250,UZ-QA,QA-250,2026,293800,SDMX,false
REGION,1712,UZ-NW,,2025,1094700,SDMX,false
REGION,1712,UZ-NW,,2026,1111900,SDMX,false
DISTRICT,1712401,UZ-NW,NW-401,2025,166500,SDMX,false
DISTRICT,1712401,UZ-NW,NW-401,2026,171300,SDMX,false
DISTRICT,1712408,UZ-NW,NW-408,2025,90400,SDMX,false
DISTRICT,1712408,UZ-NW,NW-408,2026,92100,SDMX,false
DISTRICT,1712412,UZ-NW,NW-412,2025,9300,SDMX,false
DISTRICT,1712412,UZ-NW,NW-412,2026,9500,SDMX,false
DISTRICT,1712211,UZ-NW,NW-211,2025,37200,SDMX,false
DISTRICT,1712211,UZ-NW,NW-211,2026,36900,SDMX,false
DISTRICT,1712216,UZ-NW,NW-216,2025,164600,SDMX,false
DISTRICT,1712216,UZ-NW,NW-216,2026,167100,SDMX,false
DISTRICT,1712230,UZ-NW,NW-230,2025,122700,SDMX,false
DISTRICT,1712230,UZ-NW,NW-230,2026,124100,SDMX,false
DISTRICT,1712234,UZ-NW,NW-234,2025,141800,SDMX,false
DISTRICT,1712234,UZ-NW,NW-234,2026,144700,SDMX,false
DISTRICT,1712238,UZ-NW,NW-238,2025,90800,SDMX,false
DISTRICT,1712238,UZ-NW,NW-238,2026,91900,SDMX,false
DISTRICT,1712244,UZ-NW,NW-244,2025,15300,SDMX,false
DISTRICT,1712244,UZ-NW,NW-244,2026,15200,SDMX,false
DISTRICT,1712248,UZ-NW,NW-248,2025,39700,SDMX,false
DISTRICT,1712248,UZ-NW,NW-248,2026,39900,SDMX,false
DISTRICT,1712251,UZ-NW,NW-251,2025,216400,SDMX,false
DISTRICT,1712251,UZ-NW,NW-251,2026,219200,SDMX,false
REGION,1714,UZ-NG,,2025,3131700,SDMX,false
REGION,1714,UZ-NG,,2026,3190800,SDMX,false
DISTRICT,1714401,UZ-NG,NG-401,2025,713400,SDMX,false
DISTRICT,1714401,UZ-NG,NG-401,2026,728000,SDMX,false
DISTRICT,1714204,UZ-NG,NG-204,2025,139800,SDMX,false
DISTRICT,1714204,UZ-NG,NG-204,2026,142300,SDMX,false
DISTRICT,1714207,UZ-NG,NG-207,2025,233100,SDMX,false
DISTRICT,1714207,UZ-NG,NG-207,2026,237600,SDMX,false
DISTRICT,1714212,UZ-NG,NG-212,2025,197100,SDMX,false
DISTRICT,1714212,UZ-NG,NG-212,2026,201100,SDMX,false
DISTRICT,1714216,UZ-NG,NG-216,2025,179100,SDMX,false
DISTRICT,1714216,UZ-NG,NG-216,2026,182200,SDMX,false
DISTRICT,1714219,UZ-NG,NG-219,2025,239800,SDMX,false
DISTRICT,1714219,UZ-NG,NG-219,2026,243500,SDMX,false
DISTRICT,1714224,UZ-NG,NG-224,2025,250700,SDMX,false
DISTRICT,1714224,UZ-NG,NG-224,2026,255600,SDMX,false
DISTRICT,1714229,UZ-NG,NG-229,2025,237600,SDMX,false
DISTRICT,1714229,UZ-NG,NG-229,2026,242400,SDMX,false
DISTRICT,1714234,UZ-NG,NG-234,2025,188700,SDMX,false
DISTRICT,1714234,UZ-NG,NG-234,2026,191800,SDMX,false
DISTRICT,1714236,UZ-NG,NG-236,2025,219200,SDMX,false
DISTRICT,1714236,UZ-NG,NG-236,2026,223300,SDMX,false
DISTRICT,1714237,UZ-NG,NG-237,2025,291400,SDMX,false
DISTRICT,1714237,UZ-NG,NG-237,2026,296700,SDMX,false
DISTRICT,1714242,UZ-NG,NG-242,2025,241800,SDMX,false
DISTRICT,1714242,UZ-NG,NG-242,2026,246300,SDMX,false
REGION,1718,UZ-SA,,2025,4297500,SDMX,false
REGION,1718,UZ-SA,,2026,4379800,SDMX,false
DISTRICT,1718401,UZ-SA,SA-401,2025,595800,SDMX,false
DISTRICT,1718401,UZ-SA,SA-401,2026,605800,SDMX,false
DISTRICT,1718406,UZ-SA,SA-406,2025,95900,SDMX,false
DISTRICT,1718406,UZ-SA,SA-406,2026,97000,SDMX,false
DISTRICT,1718203,UZ-SA,SA-203,2025,177200,SDMX,false
DISTRICT,1718203,UZ-SA,SA-203,2026,180900,SDMX,false
DISTRICT,1718206,UZ-SA,SA-206,2025,206900,SDMX,false
DISTRICT,1718206,UZ-SA,SA-206,2026,211000,SDMX,false
DISTRICT,1718209,UZ-SA,SA-209,2025,194100,SDMX,false
DISTRICT,1718209,UZ-SA,SA-209,2026,198400,SDMX,false
DISTRICT,1718212,UZ-SA,SA-212,2025,282200,SDMX,false
DISTRICT,1718212,UZ-SA,SA-212,2026,288100,SDMX,false
DISTRICT,1718215,UZ-SA,SA-215,2025,299800,SDMX,false
DISTRICT,1718215,UZ-SA,SA-215,2026,305400,SDMX,false
DISTRICT,1718216,UZ-SA,SA-216,2025,144400,SDMX,false
DISTRICT,1718216,UZ-SA,SA-216,2026,146900,SDMX,false
DISTRICT,1718218,UZ-SA,SA-218,2025,231600,SDMX,false
DISTRICT,1718218,UZ-SA,SA-218,2026,235400,SDMX,false
DISTRICT,1718224,UZ-SA,SA-224,2025,279800,SDMX,false
DISTRICT,1718224,UZ-SA,SA-224,2026,285000,SDMX,false
DISTRICT,1718227,UZ-SA,SA-227,2025,392100,SDMX,false
DISTRICT,1718227,UZ-SA,SA-227,2026,400000,SDMX,false
DISTRICT,1718230,UZ-SA,SA-230,2025,154500,SDMX,false
DISTRICT,1718230,UZ-SA,SA-230,2026,156700,SDMX,false
DISTRICT,1718233,UZ-SA,SA-233,2025,278600,SDMX,false
DISTRICT,1718233,UZ-SA,SA-233,2026,283600,SDMX,false
DISTRICT,1718235,UZ-SA,SA-235,2025,165800,SDMX,false
DISTRICT,1718235,UZ-SA,SA-235,2026,168700,SDMX,false
DISTRICT,1718236,UZ-SA,SA-236,2025,572600,SDMX,false
DISTRICT,1718236,UZ-SA,SA-236,2026,585800,SDMX,false
DISTRICT,1718238,UZ-SA,SA-238,2025,226200,SDMX,false
DISTRICT,1718238,UZ-SA,SA-238,2026,231100,SDMX,false
REGION,1722,UZ-SU,,2025,2945500,SDMX,false
REGION,1722,UZ-SU,,2026,3011000,SDMX,false
DISTRICT,1722401,UZ-SU,SU-401,2025,207300,SDMX,false
DISTRICT,1722401,UZ-SU,SU-401,2026,213000,SDMX,false
DISTRICT,1722201,UZ-SU,SU-201,2025,197400,SDMX,false
DISTRICT,1722201,UZ-SU,SU-201,2026,201800,SDMX,false
DISTRICT,1722202,UZ-SU,SU-202,2025,147000,SDMX,false
DISTRICT,1722202,UZ-SU,SU-202,2026,150100,SDMX,false
DISTRICT,1722203,UZ-SU,SU-203,2025,85300,SDMX,false
DISTRICT,1722203,UZ-SU,SU-203,2026,87600,SDMX,false
DISTRICT,1722204,UZ-SU,SU-204,2025,127100,SDMX,false
DISTRICT,1722204,UZ-SU,SU-204,2026,129400,SDMX,false
DISTRICT,1722207,UZ-SU,SU-207,2025,156800,SDMX,false
DISTRICT,1722207,UZ-SU,SU-207,2026,159900,SDMX,false
DISTRICT,1722210,UZ-SU,SU-210,2025,430500,SDMX,false
DISTRICT,1722210,UZ-SU,SU-210,2026,440500,SDMX,false
DISTRICT,1722212,UZ-SU,SU-212,2025,244000,SDMX,false
DISTRICT,1722212,UZ-SU,SU-212,2026,249000,SDMX,false
DISTRICT,1722214,UZ-SU,SU-214,2025,261600,SDMX,false
DISTRICT,1722214,UZ-SU,SU-214,2026,267200,SDMX,false
DISTRICT,1722215,UZ-SU,SU-215,2025,126900,SDMX,false
DISTRICT,1722215,UZ-SU,SU-215,2026,129600,SDMX,false
DISTRICT,1722217,UZ-SU,SU-217,2025,232900,SDMX,false
DISTRICT,1722217,UZ-SU,SU-217,2026,238000,SDMX,false
DISTRICT,1722220,UZ-SU,SU-220,2025,87200,SDMX,false
DISTRICT,1722220,UZ-SU,SU-220,2026,89700,SDMX,false
DISTRICT,1722221,UZ-SU,SU-221,2025,192400,SDMX,false
DISTRICT,1722221,UZ-SU,SU-221,2026,196700,SDMX,false
DISTRICT,1722223,UZ-SU,SU-223,2025,214900,SDMX,false
DISTRICT,1722223,UZ-SU,SU-223,2026,218900,SDMX,false
DISTRICT,1722226,UZ-SU,SU-226,2025,234200,SDMX,false
DISTRICT,1722226,UZ-SU,SU-226,2026,239600,SDMX,false
REGION,1724,UZ-SI,,2025,930800,SDMX,false
REGION,1724,UZ-SI,,2026,946300,SDMX,false
DISTRICT,1724401,UZ-SI,SI-401,2025,102100,SDMX,false
DISTRICT,1724401,UZ-SI,SI-401,2026,104600,SDMX,false
DISTRICT,1724410,UZ-SI,SI-410,2025,19400,SDMX,false
DISTRICT,1724410,UZ-SI,SI-410,2026,19400,SDMX,false
DISTRICT,1724413,UZ-SI,SI-413,2025,49100,SDMX,false
DISTRICT,1724413,UZ-SI,SI-413,2026,50200,SDMX,false
DISTRICT,1724206,UZ-SI,SI-206,2025,56600,SDMX,false
DISTRICT,1724206,UZ-SI,SI-206,2026,57500,SDMX,false
DISTRICT,1724212,UZ-SI,SI-212,2025,141500,SDMX,false
DISTRICT,1724212,UZ-SI,SI-212,2026,144100,SDMX,false
DISTRICT,1724216,UZ-SI,SI-216,2025,83900,SDMX,false
DISTRICT,1724216,UZ-SI,SI-216,2026,85400,SDMX,false
DISTRICT,1724220,UZ-SI,SI-220,2025,81100,SDMX,false
DISTRICT,1724220,UZ-SI,SI-220,2026,82200,SDMX,false
DISTRICT,1724226,UZ-SI,SI-226,2025,71400,SDMX,false
DISTRICT,1724226,UZ-SI,SI-226,2026,72300,SDMX,false
DISTRICT,1724228,UZ-SI,SI-228,2025,82300,SDMX,false
DISTRICT,1724228,UZ-SI,SI-228,2026,83900,SDMX,false
DISTRICT,1724231,UZ-SI,SI-231,2025,139300,SDMX,false
DISTRICT,1724231,UZ-SI,SI-231,2026,141100,SDMX,false
DISTRICT,1724235,UZ-SI,SI-235,2025,104100,SDMX,false
DISTRICT,1724235,UZ-SI,SI-235,2026,105600,SDMX,false
REGION,1727,UZ-TO,,2025,3108500,SDMX,false
REGION,1727,UZ-TO,,2026,3160700,SDMX,false
DISTRICT,1727401,UZ-TO,TO-401,2025,57500,SDMX,false
DISTRICT,1727401,UZ-TO,TO-401,2026,58800,SDMX,false
DISTRICT,1727404,UZ-TO,TO-404,2025,148900,SDMX,false
DISTRICT,1727404,UZ-TO,TO-404,2026,151000,SDMX,false
DISTRICT,1727407,UZ-TO,TO-407,2025,185500,SDMX,false
DISTRICT,1727407,UZ-TO,TO-407,2026,188300,SDMX,false
DISTRICT,1727413,UZ-TO,TO-413,2025,106100,SDMX,false
DISTRICT,1727413,UZ-TO,TO-413,2026,107300,SDMX,false
DISTRICT,1727419,UZ-TO,TO-419,2025,175500,SDMX,false
DISTRICT,1727419,UZ-TO,TO-419,2026,178300,SDMX,false
DISTRICT,1727415,UZ-TO,TO-415,2025,42000,SDMX,false
DISTRICT,1727415,UZ-TO,TO-415,2026,42700,SDMX,false
DISTRICT,1727424,UZ-TO,TO-424,2025,87300,SDMX,false
DISTRICT,1727424,UZ-TO,TO-424,2026,88900,SDMX,false
DISTRICT,1727206,UZ-TO,TO-206,2025,114000,SDMX,false
DISTRICT,1727206,UZ-TO,TO-206,2026,115500,SDMX,false
DISTRICT,1727212,UZ-TO,TO-212,2025,113000,SDMX,false
DISTRICT,1727212,UZ-TO,TO-212,2026,114600,SDMX,false
DISTRICT,1727220,UZ-TO,TO-220,2025,168300,SDMX,false
DISTRICT,1727220,UZ-TO,TO-220,2026,170900,SDMX,false
DISTRICT,1727224,UZ-TO,TO-224,2025,178100,SDMX,false
DISTRICT,1727224,UZ-TO,TO-224,2026,179100,SDMX,false
DISTRICT,1727228,UZ-TO,TO-228,2025,136700,SDMX,false
DISTRICT,1727228,UZ-TO,TO-228,2026,138700,SDMX,false
DISTRICT,1727233,UZ-TO,TO-233,2025,117700,SDMX,false
DISTRICT,1727233,UZ-TO,TO-233,2026,119400,SDMX,false
DISTRICT,1727237,UZ-TO,TO-237,2025,175600,SDMX,false
DISTRICT,1727237,UZ-TO,TO-237,2026,180500,SDMX,false
DISTRICT,1727239,UZ-TO,TO-239,2025,141700,SDMX,false
DISTRICT,1727239,UZ-TO,TO-239,2026,144000,SDMX,false
DISTRICT,1727248,UZ-TO,TO-248,2025,178700,SDMX,false
DISTRICT,1727248,UZ-TO,TO-248,2026,181700,SDMX,false
DISTRICT,1727249,UZ-TO,TO-249,2025,181900,SDMX,false
DISTRICT,1727249,UZ-TO,TO-249,2026,185100,SDMX,false
DISTRICT,1727250,UZ-TO,TO-250,2025,103400,SDMX,false
DISTRICT,1727250,UZ-TO,TO-250,2026,104900,SDMX,false
DISTRICT,1727253,UZ-TO,TO-253,2025,140400,SDMX,false
DISTRICT,1727253,UZ-TO,TO-253,2026,143000,SDMX,false
DISTRICT,1727256,UZ-TO,TO-256,2025,148200,SDMX,false
DISTRICT,1727256,UZ-TO,TO-256,2026,150500,SDMX,false
DISTRICT,1727259,UZ-TO,TO-259,2025,203900,SDMX,false
DISTRICT,1727259,UZ-TO,TO-259,2026,207700,SDMX,false
DISTRICT,1727265,UZ-TO,TO-265,2025,204100,SDMX,false
DISTRICT,1727265,UZ-TO,TO-265,2026,209800,SDMX,false
REGION,1730,UZ-FA,,2025,4144700,SDMX,false
REGION,1730,UZ-FA,,2026,4223000,SDMX,false
DISTRICT,1730401,UZ-FA,FA-401,2025,328400,SDMX,false
DISTRICT,1730401,UZ-FA,FA-401,2026,335100,SDMX,false
DISTRICT,1730405,UZ-FA,FA-405,2025,313600,SDMX,false
DISTRICT,1730405,UZ-FA,FA-405,2026,319600,SDMX,false
DISTRICT,1730408,UZ-FA,FA-408,2025,103200,SDMX,false
DISTRICT,1730408,UZ-FA,FA-408,2026,104800,SDMX,false
DISTRICT,1730412,UZ-FA,FA-412,2025,257900,SDMX,false
DISTRICT,1730412,UZ-FA,FA-412,2026,261900,SDMX,false
DISTRICT,1730203,UZ-FA,FA-203,2025,233100,SDMX,false
DISTRICT,1730203,UZ-FA,FA-203,2026,237300,SDMX,false
DISTRICT,1730206,UZ-FA,FA-206,2025,213300,SDMX,false
DISTRICT,1730206,UZ-FA,FA-206,2026,217800,SDMX,false
DISTRICT,1730209,UZ-FA,FA-209,2025,238200,SDMX,false
DISTRICT,1730209,UZ-FA,FA-209,2026,243000,SDMX,false
DISTRICT,1730212,UZ-FA,FA-212,2025,252700,SDMX,false
DISTRICT,1730212,UZ-FA,FA-212,2026,258200,SDMX,false
DISTRICT,1730215,UZ-FA,FA-215,2025,247200,SDMX,false
DISTRICT,1730215,UZ-FA,FA-215,2026,251300,SDMX,false
DISTRICT,1730218,UZ-FA,FA-218,2025,280700,SDMX,false
DISTRICT,1730218,UZ-FA,FA-218,2026,285400,SDMX,false
DISTRICT,1730221,UZ-FA,FA-221,2025,246900,SDMX,false
DISTRICT,1730221,UZ-FA,FA-221,2026,252100,SDMX,false
DISTRICT,1730224,UZ-FA,FA-224,2025,221200,SDMX,false
DISTRICT,1730224,UZ-FA,FA-224,2026,225200,SDMX,false
DISTRICT,1730226,UZ-FA,FA-226,2025,86100,SDMX,false
DISTRICT,1730226,UZ-FA,FA-226,2026,88600,SDMX,false
DISTRICT,1730227,UZ-FA,FA-227,2025,221900,SDMX,false
DISTRICT,1730227,UZ-FA,FA-227,2026,226200,SDMX,false
DISTRICT,1730230,UZ-FA,FA-230,2025,241300,SDMX,false
DISTRICT,1730230,UZ-FA,FA-230,2026,245000,SDMX,false
DISTRICT,1730233,UZ-FA,FA-233,2025,226000,SDMX,false
DISTRICT,1730233,UZ-FA,FA-233,2026,230200,SDMX,false
DISTRICT,1730236,UZ-FA,FA-236,2025,181000,SDMX,false
DISTRICT,1730236,UZ-FA,FA-236,2026,184700,SDMX,false
DISTRICT,1730238,UZ-FA,FA-238,2025,129800,SDMX,false
DISTRICT,1730238,UZ-FA,FA-238,2026,132200,SDMX,false
DISTRICT,1730242,UZ-FA,FA-242,2025,122200,SDMX,false
DISTRICT,1730242,UZ-FA,FA-242,2026,124400,SDMX,false
REGION,1733,UZ-XO,,2025,2032400,SDMX,false
REGION,1733,UZ-XO,,2026,2069200,SDMX,false
DISTRICT,1733401,UZ-XO,XO-401,2025,155700,SDMX,false
DISTRICT,1733401,UZ-XO,XO-401,2026,157900,SDMX,false
DISTRICT,1733406,UZ-XO,XO-406,2025,100100,SDMX,false
DISTRICT,1733406,UZ-XO,XO-406,2026,101600,SDMX,false
DISTRICT,1733204,UZ-XO,XO-204,2025,179600,SDMX,false
DISTRICT,1733204,UZ-XO,XO-204,2026,183000,SDMX,false
DISTRICT,1733208,UZ-XO,XO-208,2025,159800,SDMX,false
DISTRICT,1733208,UZ-XO,XO-208,2026,162700,SDMX,false
DISTRICT,1733212,UZ-XO,XO-212,2025,185400,SDMX,false
DISTRICT,1733212,UZ-XO,XO-212,2026,188600,SDMX,false
DISTRICT,1733217,UZ-XO,XO-217,2025,218400,SDMX,false
DISTRICT,1733217,UZ-XO,XO-217,2026,223700,SDMX,false
DISTRICT,1733220,UZ-XO,XO-220,2025,210000,SDMX,false
DISTRICT,1733220,UZ-XO,XO-220,2026,214000,SDMX,false
DISTRICT,1733221,UZ-XO,XO-221,2025,60600,SDMX,false
DISTRICT,1733221,UZ-XO,XO-221,2026,61800,SDMX,false
DISTRICT,1733223,UZ-XO,XO-223,2025,201900,SDMX,false
DISTRICT,1733223,UZ-XO,XO-223,2026,205300,SDMX,false
DISTRICT,1733226,UZ-XO,XO-226,2025,158300,SDMX,false
DISTRICT,1733226,UZ-XO,XO-226,2026,161200,SDMX,false
DISTRICT,1733230,UZ-XO,XO-230,2025,183600,SDMX,false
DISTRICT,1733230,UZ-XO,XO-230,2026,186700,SDMX,false
DISTRICT,1733233,UZ-XO,XO-233,2025,125100,SDMX,false
DISTRICT,1733233,UZ-XO,XO-233,2026,127300,SDMX,false
DISTRICT,1733236,UZ-XO,XO-236,2025,93900,SDMX,false
DISTRICT,1733236,UZ-XO,XO-236,2026,95400,SDMX,false
REGION,1726,UZ-TK,,2025,3112800,SDMX,false
REGION,1726,UZ-TK,,2026,3178100,SDMX,false
DISTRICT,1726262,UZ-TK,TK-262,2025,301700,SDMX,false
DISTRICT,1726262,UZ-TK,TK-262,2026,304400,SDMX,false
DISTRICT,1726264,UZ-TK,TK-264,2025,65500,SDMX,false
DISTRICT,1726264,UZ-TK,TK-264,2026,71300,SDMX,false
DISTRICT,1726266,UZ-TK,TK-266,2025,385200,SDMX,false
DISTRICT,1726266,UZ-TK,TK-266,2026,393000,SDMX,false
DISTRICT,1726269,UZ-TK,TK-269,2025,337100,SDMX,false
DISTRICT,1726269,UZ-TK,TK-269,2026,342200,SDMX,false
DISTRICT,1726273,UZ-TK,TK-273,2025,154200,SDMX,false
DISTRICT,1726273,UZ-TK,TK-273,2026,156500,SDMX,false
DISTRICT,1726277,UZ-TK,TK-277,2025,369600,SDMX,false
DISTRICT,1726277,UZ-TK,TK-277,2026,373700,SDMX,false
DISTRICT,1726280,UZ-TK,TK-280,2025,412000,SDMX,false
DISTRICT,1726280,UZ-TK,TK-280,2026,418300,SDMX,false
DISTRICT,1726283,UZ-TK,TK-283,2025,173200,SDMX,false
DISTRICT,1726283,UZ-TK,TK-283,2026,178700,SDMX,false
DISTRICT,1726287,UZ-TK,TK-287,2025,139700,SDMX,false
DISTRICT,1726287,UZ-TK,TK-287,2026,144800,SDMX,false
DISTRICT,1726290,UZ-TK,TK-290,2025,309700,SDMX,false
DISTRICT,1726290,UZ-TK,TK-290,2026,317200,SDMX,false
DISTRICT,1726292,UZ-TK,TK-292,2025,188200,SDMX,false
DISTRICT,1726292,UZ-TK,TK-292,2026,200500,SDMX,false
DISTRICT,1726294,UZ-TK,TK-294,2025,276700,SDMX,false
DISTRICT,1726294,UZ-TK,TK-294,2026,277500,SDMX,false
